,input_si_sdr,input_sdr,input_sir,input_sar,input_stoi,input_pesq,si_sdr,sdr,sir,sar,stoi,pesq,noisy_path,clean_path
0,14.992667198181152,14.998121847214234,inf,14.998121847214234,0.9807254867015377,2.3495934009552,14.810818672180176,14.939938145698356,inf,14.939938145698356,0.9801661691185102,2.7679789066314697,/hpc_stor03/sjtu_home/zixiang.wang/DNS-Challenge-master/datasets/no_reverb/noisy/clnsp126_3Wjw0nadnM4_snr15_tl-22_fileid_0.wav,/hpc_stor03/sjtu_home/zixiang.wang/DNS-Challenge-master/datasets/no_reverb/clean/clean_fileid_0.wav
1,16.985824584960938,17.006965640355382,inf,17.006965640355382,0.9462138140904506,1.603234052658081,18.543790817260742,18.67521395417149,inf,18.67521395417149,0.9524262974464438,2.127218246459961,/hpc_stor03/sjtu_home/zixiang.wang/DNS-Challenge-master/datasets/no_reverb/noisy/clnsp241_washer_235366_2_snr17_tl-24_fileid_2.wav,/hpc_stor03/sjtu_home/zixiang.wang/DNS-Challenge-master/datasets/no_reverb/clean/clean_fileid_2.wav
2,10.969405174255371,10.982799500540372,inf,10.982799500540372,0.9495989787818069,1.5776944160461426,16.46054458618164,16.63042596840104,inf,16.63042596840104,0.9693133808889188,2.542895793914795,/hpc_stor03/sjtu_home/zixiang.wang/DNS-Challenge-master/datasets/no_reverb/noisy/clnsp238_washer_389769_1_snr11_tl-20_fileid_3.wav,/hpc_stor03/sjtu_home/zixiang.wang/DNS-Challenge-master/datasets/no_reverb/clean/clean_fileid_3.wav
3,5.990604877471924,5.997452290430977,inf,5.997452290430977,0.8450762523073805,1.243446946144104,8.043030738830566,8.090034933346049,inf,8.090034933346049,0.8885265141617664,1.5430972576141357,/hpc_stor03/sjtu_home/zixiang.wang/DNS-Challenge-master/datasets/no_reverb/noisy/clnsp295_CnLQFM08y1U_snr6_tl-25_fileid_4.wav,/hpc_stor03/sjtu_home/zixiang.wang/DNS-Challenge-master/datasets/no_reverb/clean/clean_fileid_4.wav
4,3.0019876956939697,3.073377402679344,inf,3.073377402679344,0.9278723736345487,1.4101684093475342,3.606220245361328,3.714464641329446,inf,3.714464641329446,0.8717340086604544,1.6156747341156006,/hpc_stor03/sjtu_home/zixiang.wang/DNS-Challenge-master/datasets/no_reverb/noisy/clnsp609_breath_336530_2_snr3_tl-30_fileid_5.wav,/hpc_stor03/sjtu_home/zixiang.wang/DNS-Challenge-master/datasets/no_reverb/clean/clean_fileid_5.wav
5,4.0208635330200195,4.039084211608273,inf,4.039084211608273,0.8161025721038538,1.0341336727142334,13.074320793151855,13.447163420008595,inf,13.447163420008595,0.876536220881833,1.2950496673583984,/hpc_stor03/sjtu_home/zixiang.wang/DNS-Challenge-master/datasets/no_reverb/noisy/clnsp200_TgjQN698XU8_snr4_tl-21_fileid_6.wav,/hpc_stor03/sjtu_home/zixiang.wang/DNS-Challenge-master/datasets/no_reverb/clean/clean_fileid_6.wav
6,14.00739860534668,14.023665169079052,inf,14.023665169079052,0.9832539141837231,2.1293134689331055,17.203960418701172,17.422287239676763,inf,17.422287239676763,0.9697348209526905,2.64339542388916,/hpc_stor03/sjtu_home/zixiang.wang/DNS-Challenge-master/datasets/no_reverb/noisy/clnsp353_bus_128120_5_snr14_tl-23_fileid_7.wav,/hpc_stor03/sjtu_home/zixiang.wang/DNS-Challenge-master/datasets/no_reverb/clean/clean_fileid_7.wav
7,7.039342403411865,7.05612591874126,inf,7.05612591874126,0.9222961978489561,1.2179276943206787,13.357271194458008,13.48888603826004,inf,13.48888603826004,0.9630692637784262,2.0388271808624268,/hpc_stor03/sjtu_home/zixiang.wang/DNS-Challenge-master/datasets/no_reverb/noisy/clnsp327_air_conditioner_371242_0_snr7_tl-21_fileid_8.wav,/hpc_stor03/sjtu_home/zixiang.wang/DNS-Challenge-master/datasets/no_reverb/clean/clean_fileid_8.wav
8,17.995258331298828,18.005474822035488,inf,18.005474822035488,0.9843873892717869,2.513462781906128,20.00004005432129,20.09130125722454,inf,20.09130125722454,0.9781261358443731,2.915623188018799,/hpc_stor03/sjtu_home/zixiang.wang/DNS-Challenge-master/datasets/no_reverb/noisy/clnsp81_car_74675_2_snr18_tl-22_fileid_9.wav,/hpc_stor03/sjtu_home/zixiang.wang/DNS-Challenge-master/datasets/no_reverb/clean/clean_fileid_9.wav
9,0.9686582088470459,0.9846612270395616,inf,0.9846612270395616,0.852354327953531,1.0832374095916748,15.345165252685547,15.641773443540686,inf,15.641773443540686,0.9607298959784101,1.4636282920837402,/hpc_stor03/sjtu_home/zixiang.wang/DNS-Challenge-master/datasets/no_reverb/noisy/clnsp228_vacuum_379760_1_snr1_tl-19_fileid_104.wav,/hpc_stor03/sjtu_home/zixiang.wang/DNS-Challenge-master/datasets/no_reverb/clean/clean_fileid_104.wav
10,9.030454635620117,9.015865807226279,inf,9.015865807226279,0.8539668964091037,1.3266336917877197,13.64414119720459,13.899108746946396,inf,13.899108746946396,0.9388656109197733,2.196713447570801,/hpc_stor03/sjtu_home/zixiang.wang/DNS-Challenge-master/datasets/no_reverb/noisy/clnsp591_clatter_noise_166453__zabuhailo__metalworking-hammer-5_5_snr9_tl-27_fileid_105.wav,/hpc_stor03/sjtu_home/zixiang.wang/DNS-Challenge-master/datasets/no_reverb/clean/clean_fileid_105.wav
11,10.989991188049316,11.03250358400621,inf,11.03250358400621,0.8691824910919378,1.411970853805542,17.044517517089844,17.32233534769465,inf,17.32233534769465,0.9577535618697736,2.796508550643921,/hpc_stor03/sjtu_home/zixiang.wang/DNS-Challenge-master/datasets/no_reverb/noisy/clnsp305_baby_416655_0_snr11_tl-30_fileid_110.wav,/hpc_stor03/sjtu_home/zixiang.wang/DNS-Challenge-master/datasets/no_reverb/clean/clean_fileid_110.wav
12,8.003167152404785,8.028101677132822,inf,8.028101677132822,0.8666396812035729,1.2412272691726685,12.429314613342285,12.582345150932479,inf,12.582345150932479,0.919158745101143,1.9045774936676025,/hpc_stor03/sjtu_home/zixiang.wang/DNS-Challenge-master/datasets/no_reverb/noisy/clnsp448_squeaky_51165_0_snr8_tl-26_fileid_118.wav,/hpc_stor03/sjtu_home/zixiang.wang/DNS-Challenge-master/datasets/no_reverb/clean/clean_fileid_118.wav
13,14.997171401977539,15.015569662677265,inf,15.015569662677265,0.9567996203581767,1.9729835987091064,22.07071304321289,22.19389284247109,inf,22.19389284247109,0.9883161406817211,3.1484711170196533,/hpc_stor03/sjtu_home/zixiang.wang/DNS-Challenge-master/datasets/no_reverb/noisy/clnsp178_baby_416649_0_snr15_tl-32_fileid_127.wav,/hpc_stor03/sjtu_home/zixiang.wang/DNS-Challenge-master/datasets/no_reverb/clean/clean_fileid_127.wav
14,12.01231861114502,12.024168548260603,inf,12.024168548260603,0.9123777877959333,1.4981577396392822,16.290340423583984,16.354840596936448,inf,16.354840596936448,0.9490597351543464,2.184568405151367,/hpc_stor03/sjtu_home/zixiang.wang/DNS-Challenge-master/datasets/no_reverb/noisy/clnsp439_washer_246507_4_snr12_tl-29_fileid_132.wav,/hpc_stor03/sjtu_home/zixiang.wang/DNS-Challenge-master/datasets/no_reverb/clean/clean_fileid_132.wav
15,4.013374328613281,4.027395986585155,inf,4.027395986585155,0.8986166705838113,1.199752926826477,12.586870193481445,13.056656735062573,inf,13.056656735062573,0.9555768506745718,1.7177467346191406,/hpc_stor03/sjtu_home/zixiang.wang/DNS-Challenge-master/datasets/no_reverb/noisy/clnsp104_G3hs6PFniM0_snr4_tl-27_fileid_133.wav,/hpc_stor03/sjtu_home/zixiang.wang/DNS-Challenge-master/datasets/no_reverb/clean/clean_fileid_133.wav
16,8.064859390258789,8.078565191095702,inf,8.078565191095702,0.8872714043206062,1.3253898620605469,6.042943000793457,6.684881284582575,inf,6.684881284582575,0.8716004116263663,1.3758544921875,/hpc_stor03/sjtu_home/zixiang.wang/DNS-Challenge-master/datasets/no_reverb/noisy/clnsp470_8TQfuL-u2rA_snr8_tl-21_fileid_142.wav,/hpc_stor03/sjtu_home/zixiang.wang/DNS-Challenge-master/datasets/no_reverb/clean/clean_fileid_142.wav
17,12.00329303741455,12.01193306566876,inf,12.01193306566876,0.923985362898967,1.471759557723999,24.58081817626953,24.698869100541586,inf,24.698869100541586,0.9809569397385633,3.00954270362854,/hpc_stor03/sjtu_home/zixiang.wang/DNS-Challenge-master/datasets/no_reverb/noisy/clnsp216_birds_105003_0_snr12_tl-27_fileid_143.wav,/hpc_stor03/sjtu_home/zixiang.wang/DNS-Challenge-master/datasets/no_reverb/clean/clean_fileid_143.wav
18,13.998088836669922,14.010775803829427,inf,14.010775803829427,0.9612724459482463,1.2311826944351196,20.04595184326172,20.292528846990052,inf,20.292528846990052,0.9684034784204376,1.9441089630126953,/hpc_stor03/sjtu_home/zixiang.wang/DNS-Challenge-master/datasets/no_reverb/noisy/clnsp165_vacuum_273194_1_snr14_tl-30_fileid_156.wav,/hpc_stor03/sjtu_home/zixiang.wang/DNS-Challenge-master/datasets/no_reverb/clean/clean_fileid_156.wav
19,9.991540908813477,10.008987237804783,inf,10.008987237804783,0.9812200471993189,1.6736482381820679,16.289194107055664,16.355819389981807,inf,16.355819389981807,0.9877551533932241,2.752460479736328,/hpc_stor03/sjtu_home/zixiang.wang/DNS-Challenge-master/datasets/no_reverb/noisy/clnsp166_bus_128120_3_snr10_tl-27_fileid_16.wav,/hpc_stor03/sjtu_home/zixiang.wang/DNS-Challenge-master/datasets/no_reverb/clean/clean_fileid_16.wav
20,8.021574020385742,8.047047409082147,inf,8.047047409082147,0.8886168437793014,1.261690616607666,13.329217910766602,13.473636391438237,inf,13.473636391438237,0.9409614110710792,1.8574912548065186,/hpc_stor03/sjtu_home/zixiang.wang/DNS-Challenge-master/datasets/no_reverb/noisy/clnsp611_babble_188218_6_snr8_tl-33_fileid_161.wav,/hpc_stor03/sjtu_home/zixiang.wang/DNS-Challenge-master/datasets/no_reverb/clean/clean_fileid_161.wav
21,5.9836506843566895,6.00157823870404,inf,6.00157823870404,0.8287622241150845,1.1369227170944214,12.300979614257812,12.429525979603193,inf,12.429525979603193,0.9215159532781754,1.8887025117874146,/hpc_stor03/sjtu_home/zixiang.wang/DNS-Challenge-master/datasets/no_reverb/noisy/clnsp524_train_181130_1_snr6_tl-18_fileid_169.wav,/hpc_stor03/sjtu_home/zixiang.wang/DNS-Challenge-master/datasets/no_reverb/clean/clean_fileid_169.wav
22,3.0535712242126465,3.0735602536018094,inf,3.0735602536018094,0.8513248495938406,1.0748761892318726,11.27702808380127,11.721957157762333,inf,11.721957157762333,0.9109009727180503,1.6090314388275146,/hpc_stor03/sjtu_home/zixiang.wang/DNS-Challenge-master/datasets/no_reverb/noisy/clnsp426_air_conditioner_151977_1_snr3_tl-35_fileid_17.wav,/hpc_stor03/sjtu_home/zixiang.wang/DNS-Challenge-master/datasets/no_reverb/clean/clean_fileid_17.wav
23,13.004565238952637,13.017489260299,inf,13.017489260299,0.9550426856270045,1.5300081968307495,21.394084930419922,21.493837337667827,inf,21.493837337667827,0.9826692757729201,2.906493663787842,/hpc_stor03/sjtu_home/zixiang.wang/DNS-Challenge-master/datasets/no_reverb/noisy/clnsp344_V8eEFcWaqoI_snr13_tl-35_fileid_180.wav,/hpc_stor03/sjtu_home/zixiang.wang/DNS-Challenge-master/datasets/no_reverb/clean/clean_fileid_180.wav
24,12.006986618041992,12.032853416829195,inf,12.032853416829195,0.9633453418018143,1.5788781642913818,16.958539962768555,17.154135342194394,inf,17.154135342194394,0.9688652171607196,2.767158269882202,/hpc_stor03/sjtu_home/zixiang.wang/DNS-Challenge-master/datasets/no_reverb/noisy/clnsp374_vacuum_195835_3_snr12_tl-25_fileid_205.wav,/hpc_stor03/sjtu_home/zixiang.wang/DNS-Challenge-master/datasets/no_reverb/clean/clean_fileid_205.wav
25,14.99349594116211,15.002813334789993,inf,15.002813334789993,0.957610998570817,1.7014212608337402,17.560508728027344,17.614837925830127,inf,17.614837925830127,0.9609118821553044,2.1738805770874023,/hpc_stor03/sjtu_home/zixiang.wang/DNS-Challenge-master/datasets/no_reverb/noisy/clnsp169_babble_188218_7_snr15_tl-19_fileid_21.wav,/hpc_stor03/sjtu_home/zixiang.wang/DNS-Challenge-master/datasets/no_reverb/clean/clean_fileid_21.wav
26,9.078177452087402,9.103407306380154,inf,9.103407306380154,0.9574412420943148,1.3674099445343018,16.19719696044922,16.337764428420886,inf,16.337764428420886,0.9749175377565622,2.5179903507232666,/hpc_stor03/sjtu_home/zixiang.wang/DNS-Challenge-master/datasets/no_reverb/noisy/clnsp74_fan_out_56236_0_snr9_tl-28_fileid_210.wav,/hpc_stor03/sjtu_home/zixiang.wang/DNS-Challenge-master/datasets/no_reverb/clean/clean_fileid_210.wav
27,18.99915313720703,19.006670129776488,inf,19.006670129776488,0.9823395347851679,2.6182150840759277,20.11914825439453,20.348583968921133,inf,20.348583968921133,0.9731509139887341,2.9904518127441406,/hpc_stor03/sjtu_home/zixiang.wang/DNS-Challenge-master/datasets/no_reverb/noisy/clnsp640_barking_196127_1_snr19_tl-19_fileid_218.wav,/hpc_stor03/sjtu_home/zixiang.wang/DNS-Challenge-master/datasets/no_reverb/clean/clean_fileid_218.wav
28,13.991280555725098,13.996871750021953,inf,13.996871750021953,0.9638110657899258,1.76282799243927,18.553646087646484,18.60884418343564,inf,18.60884418343564,0.9792703233730531,2.7331998348236084,/hpc_stor03/sjtu_home/zixiang.wang/DNS-Challenge-master/datasets/no_reverb/noisy/clnsp386_wind_130975_1_snr14_tl-23_fileid_232.wav,/hpc_stor03/sjtu_home/zixiang.wang/DNS-Challenge-master/datasets/no_reverb/clean/clean_fileid_232.wav
29,9.010674476623535,9.026921792688594,inf,9.026921792688594,0.8710102079421641,1.1596280336380005,14.239171981811523,14.783134178919289,inf,14.783134178919289,0.8818746505254237,1.563772201538086,/hpc_stor03/sjtu_home/zixiang.wang/DNS-Challenge-master/datasets/no_reverb/noisy/clnsp157_water_125964_2_snr9_tl-32_fileid_243.wav,/hpc_stor03/sjtu_home/zixiang.wang/DNS-Challenge-master/datasets/no_reverb/clean/clean_fileid_243.wav
30,5.991647243499756,6.006733268100262,inf,6.006733268100262,0.8923226485418291,1.2722842693328857,10.934635162353516,10.995865536623642,inf,10.995865536623642,0.9449244954845181,2.137842893600464,/hpc_stor03/sjtu_home/zixiang.wang/DNS-Challenge-master/datasets/no_reverb/noisy/clnsp554_vacuum_159347_2_snr6_tl-24_fileid_261.wav,/hpc_stor03/sjtu_home/zixiang.wang/DNS-Challenge-master/datasets/no_reverb/clean/clean_fileid_261.wav
31,10.01479721069336,10.02452052935464,inf,10.02452052935464,0.8702567380632324,1.2294836044311523,17.01333236694336,17.155373336135295,inf,17.155373336135295,0.9525615953699105,2.338900566101074,/hpc_stor03/sjtu_home/zixiang.wang/DNS-Challenge-master/datasets/no_reverb/noisy/clnsp218_ilTSWXPYT2U_snr10_tl-17_fileid_274.wav,/hpc_stor03/sjtu_home/zixiang.wang/DNS-Challenge-master/datasets/no_reverb/clean/clean_fileid_274.wav
32,4.002784729003906,4.014575575070918,inf,4.014575575070918,0.891609813744611,1.3016269207000732,10.815139770507812,10.978999779501244,inf,10.978999779501244,0.9292367172204032,1.8268334865570068,/hpc_stor03/sjtu_home/zixiang.wang/DNS-Challenge-master/datasets/no_reverb/noisy/clnsp71_babble_188218_26_snr4_tl-20_fileid_275.wav,/hpc_stor03/sjtu_home/zixiang.wang/DNS-Challenge-master/datasets/no_reverb/clean/clean_fileid_275.wav
33,7.998178482055664,8.013697159592638,inf,8.013697159592638,0.8918259242743982,1.279760718345642,12.727828025817871,12.828001340052147,inf,12.828001340052147,0.9415464861796692,1.786756157875061,/hpc_stor03/sjtu_home/zixiang.wang/DNS-Challenge-master/datasets/no_reverb/noisy/clnsp430_babble_188218_23_snr8_tl-22_fileid_280.wav,/hpc_stor03/sjtu_home/zixiang.wang/DNS-Challenge-master/datasets/no_reverb/clean/clean_fileid_280.wav
34,6.003385066986084,6.022539304608156,inf,6.022539304608156,0.9367093936927985,1.4562771320343018,9.794465065002441,9.98079621545926,inf,9.98079621545926,0.9468253742165442,2.0805723667144775,/hpc_stor03/sjtu_home/zixiang.wang/DNS-Challenge-master/datasets/no_reverb/noisy/clnsp371_washer_400403_2_snr6_tl-21_fileid_288.wav,/hpc_stor03/sjtu_home/zixiang.wang/DNS-Challenge-master/datasets/no_reverb/clean/clean_fileid_288.wav
35,7.970176696777344,7.98285803952796,inf,7.98285803952796,0.9332136738266623,1.2828037738800049,15.236315727233887,15.379556645884346,inf,15.379556645884346,0.9627086952667809,2.13826322555542,/hpc_stor03/sjtu_home/zixiang.wang/DNS-Challenge-master/datasets/no_reverb/noisy/clnsp587_Unt_WsHPhfA_snr8_tl-30_fileid_34.wav,/hpc_stor03/sjtu_home/zixiang.wang/DNS-Challenge-master/datasets/no_reverb/clean/clean_fileid_34.wav
36,2.007999897003174,2.015990510711389,inf,2.015990510711389,0.8874765050649942,1.2099055051803589,11.444852828979492,11.467145192442704,inf,11.467145192442704,0.963698214370211,2.1144917011260986,/hpc_stor03/sjtu_home/zixiang.wang/DNS-Challenge-master/datasets/no_reverb/noisy/clnsp17_birds_413745_3_snr2_tl-23_fileid_44.wav,/hpc_stor03/sjtu_home/zixiang.wang/DNS-Challenge-master/datasets/no_reverb/clean/clean_fileid_44.wav
37,14.9903564453125,15.004973271879017,inf,15.004973271879017,0.957801362532658,1.663637399673462,18.95177459716797,19.034759704936757,inf,19.034759704936757,0.9658924111321664,2.1908187866210938,/hpc_stor03/sjtu_home/zixiang.wang/DNS-Challenge-master/datasets/no_reverb/noisy/clnsp312_Vi5bENnLJPs_snr15_tl-20_fileid_45.wav,/hpc_stor03/sjtu_home/zixiang.wang/DNS-Challenge-master/datasets/no_reverb/clean/clean_fileid_45.wav
38,0.9995888471603394,1.0020876076705183,inf,1.0020876076705183,0.902356489832228,1.2452374696731567,5.339773178100586,5.351125488145181,inf,5.351125488145181,0.9479221960488114,2.011754274368286,/hpc_stor03/sjtu_home/zixiang.wang/DNS-Challenge-master/datasets/no_reverb/noisy/clnsp22_breath_21983_0_snr1_tl-18_fileid_50.wav,/hpc_stor03/sjtu_home/zixiang.wang/DNS-Challenge-master/datasets/no_reverb/clean/clean_fileid_50.wav
39,0.0011088133323937654,0.016372817113543676,inf,0.016372817113543676,0.7958712918108188,1.0964239835739136,10.488142013549805,10.87782162639732,inf,10.87782162639732,0.8971228153259899,1.7434542179107666,/hpc_stor03/sjtu_home/zixiang.wang/DNS-Challenge-master/datasets/no_reverb/noisy/clnsp149_SjEWn2DhLDs_snr0_tl-23_fileid_58.wav,/hpc_stor03/sjtu_home/zixiang.wang/DNS-Challenge-master/datasets/no_reverb/clean/clean_fileid_58.wav
40,1.0584442615509033,1.0733769600721283,inf,1.0733769600721283,0.8069378127952248,1.0569705963134766,9.19856071472168,9.488249871186794,inf,9.488249871186794,0.8920435172180783,1.3715295791625977,/hpc_stor03/sjtu_home/zixiang.wang/DNS-Challenge-master/datasets/no_reverb/noisy/clnsp355_bus_84241_5_snr1_tl-33_fileid_59.wav,/hpc_stor03/sjtu_home/zixiang.wang/DNS-Challenge-master/datasets/no_reverb/clean/clean_fileid_59.wav
41,11.010282516479492,11.021530665798625,inf,11.021530665798625,0.9220165750699307,1.5612534284591675,19.25621795654297,19.388067196842563,inf,19.388067196842563,0.9660320356417215,2.77290415763855,/hpc_stor03/sjtu_home/zixiang.wang/DNS-Challenge-master/datasets/no_reverb/noisy/clnsp192_air_conditioner_151977_3_snr11_tl-35_fileid_66.wav,/hpc_stor03/sjtu_home/zixiang.wang/DNS-Challenge-master/datasets/no_reverb/clean/clean_fileid_66.wav
42,-0.007029325235635042,0.00989329704585632,inf,0.00989329704585632,0.8135203712531524,1.1196194887161255,6.805716037750244,7.011340697744557,inf,7.011340697744557,0.8684850472314132,1.3838728666305542,/hpc_stor03/sjtu_home/zixiang.wang/DNS-Challenge-master/datasets/no_reverb/noisy/clnsp46_dryer_output_83885_2_snr0_tl-31_fileid_67.wav,/hpc_stor03/sjtu_home/zixiang.wang/DNS-Challenge-master/datasets/no_reverb/clean/clean_fileid_67.wav
43,8.99962329864502,9.005577968057377,inf,9.005577968057377,0.927848254931307,1.6999471187591553,18.3228702545166,18.40522402794629,inf,18.40522402794629,0.9737733549984606,2.857872486114502,/hpc_stor03/sjtu_home/zixiang.wang/DNS-Challenge-master/datasets/no_reverb/noisy/clnsp146_baby_416657_0_snr9_tl-25_fileid_72.wav,/hpc_stor03/sjtu_home/zixiang.wang/DNS-Challenge-master/datasets/no_reverb/clean/clean_fileid_72.wav
44,12.024678230285645,12.041138308727792,inf,12.041138308727792,0.9799152737148193,1.7782607078552246,17.60919189453125,17.73783561926971,inf,17.73783561926971,0.9857141604364795,2.678030490875244,/hpc_stor03/sjtu_home/zixiang.wang/DNS-Challenge-master/datasets/no_reverb/noisy/clnsp281_vacuum_154783_2_snr12_tl-31_fileid_73.wav,/hpc_stor03/sjtu_home/zixiang.wang/DNS-Challenge-master/datasets/no_reverb/clean/clean_fileid_73.wav
45,18.999799728393555,19.014819404339253,inf,19.014819404339253,0.9972099610424316,2.877990484237671,20.679080963134766,20.751608892555385,inf,20.751608892555385,0.9919680320312196,2.9177372455596924,/hpc_stor03/sjtu_home/zixiang.wang/DNS-Challenge-master/datasets/no_reverb/noisy/clnsp211_bus_128120_10_snr19_tl-22_fileid_107.wav,/hpc_stor03/sjtu_home/zixiang.wang/DNS-Challenge-master/datasets/no_reverb/clean/clean_fileid_107.wav
46,2.9979469776153564,3.0465724537983583,inf,3.0465724537983583,0.9653785852784391,1.3486902713775635,32.74395751953125,33.9363568999654,inf,33.9363568999654,0.9954261473791164,4.397921085357666,/hpc_stor03/sjtu_home/zixiang.wang/DNS-Challenge-master/datasets/no_reverb/noisy/clnsp610_11vO87xkSo8_snr3_tl-29_fileid_112.wav,/hpc_stor03/sjtu_home/zixiang.wang/DNS-Challenge-master/datasets/no_reverb/clean/clean_fileid_112.wav
47,18.993898391723633,19.03564788846172,inf,19.03564788846172,0.9785010173861862,2.43349552154541,25.934097290039062,26.13913084085917,inf,26.13913084085917,0.9909119302223023,3.134253740310669,/hpc_stor03/sjtu_home/zixiang.wang/DNS-Challenge-master/datasets/no_reverb/noisy/clnsp454_UhNx_8XfBZU_snr19_tl-24_fileid_113.wav,/hpc_stor03/sjtu_home/zixiang.wang/DNS-Challenge-master/datasets/no_reverb/clean/clean_fileid_113.wav
48,2.9760751724243164,3.0003578583408514,inf,3.0003578583408514,0.7634829428000501,1.0609132051467896,9.741576194763184,10.086936172952205,inf,10.086936172952205,0.8504080166562717,1.395751714706421,/hpc_stor03/sjtu_home/zixiang.wang/DNS-Challenge-master/datasets/no_reverb/noisy/clnsp156_water_320289_2_snr3_tl-19_fileid_125.wav,/hpc_stor03/sjtu_home/zixiang.wang/DNS-Challenge-master/datasets/no_reverb/clean/clean_fileid_125.wav
49,19.00531005859375,19.020968024648912,inf,19.020968024648912,0.987772976510311,2.473918914794922,23.314411163330078,23.3953011438644,inf,23.3953011438644,0.988915118197256,3.0815982818603516,/hpc_stor03/sjtu_home/zixiang.wang/DNS-Challenge-master/datasets/no_reverb/noisy/clnsp93_bus_128120_1_snr19_tl-25_fileid_130.wav,/hpc_stor03/sjtu_home/zixiang.wang/DNS-Challenge-master/datasets/no_reverb/clean/clean_fileid_130.wav
50,19.003374099731445,19.017883446076965,inf,19.017883446076965,0.9770288314959812,2.494736433029175,20.655441284179688,20.713176978917236,inf,20.713176978917236,0.9763255071047762,2.9165642261505127,/hpc_stor03/sjtu_home/zixiang.wang/DNS-Challenge-master/datasets/no_reverb/noisy/clnsp233_traffic_423299_3_snr19_tl-20_fileid_139.wav,/hpc_stor03/sjtu_home/zixiang.wang/DNS-Challenge-master/datasets/no_reverb/clean/clean_fileid_139.wav
51,8.022063255310059,8.047068014011913,inf,8.047068014011913,0.9424003246557349,1.2953577041625977,16.58380699157715,16.72465860906702,inf,16.72465860906702,0.97017452170173,2.03902268409729,/hpc_stor03/sjtu_home/zixiang.wang/DNS-Challenge-master/datasets/no_reverb/noisy/clnsp585_-ozcHS8vKhU_snr8_tl-23_fileid_14.wav,/hpc_stor03/sjtu_home/zixiang.wang/DNS-Challenge-master/datasets/no_reverb/clean/clean_fileid_14.wav
52,16.0076847076416,16.01859084620081,inf,16.01859084620081,0.9543685451438537,1.6453567743301392,15.69007682800293,16.167182046393684,inf,16.167182046393684,0.9744744663960151,2.744645357131958,/hpc_stor03/sjtu_home/zixiang.wang/DNS-Challenge-master/datasets/no_reverb/noisy/clnsp155_oDyn0_Ti63Q_snr16_tl-35_fileid_149.wav,/hpc_stor03/sjtu_home/zixiang.wang/DNS-Challenge-master/datasets/no_reverb/clean/clean_fileid_149.wav
53,9.980854988098145,9.993130722764969,inf,9.993130722764969,0.9099816174767433,1.398482322692871,14.533517837524414,14.587913504229935,inf,14.587913504229935,0.9393012295202425,1.8778951168060303,/hpc_stor03/sjtu_home/zixiang.wang/DNS-Challenge-master/datasets/no_reverb/noisy/clnsp236_d11XSGiWtd0_snr10_tl-33_fileid_155.wav,/hpc_stor03/sjtu_home/zixiang.wang/DNS-Challenge-master/datasets/no_reverb/clean/clean_fileid_155.wav
54,4.01391077041626,4.02684631832123,inf,4.02684631832123,0.8800441292809035,1.055753231048584,12.988630294799805,13.09818608041821,inf,13.09818608041821,0.9100539648665271,1.3430113792419434,/hpc_stor03/sjtu_home/zixiang.wang/DNS-Challenge-master/datasets/no_reverb/noisy/clnsp257_vacuum_273194_2_snr4_tl-18_fileid_175.wav,/hpc_stor03/sjtu_home/zixiang.wang/DNS-Challenge-master/datasets/no_reverb/clean/clean_fileid_175.wav
55,9.9992094039917,10.003515783087549,inf,10.003515783087549,0.9935398439896037,3.337031602859497,10.078200340270996,10.082678292423843,inf,10.082678292423843,0.9925555989857776,3.476306438446045,/hpc_stor03/sjtu_home/zixiang.wang/DNS-Challenge-master/datasets/no_reverb/noisy/clnsp399_squeaky_213909_0_snr10_tl-30_fileid_181.wav,/hpc_stor03/sjtu_home/zixiang.wang/DNS-Challenge-master/datasets/no_reverb/clean/clean_fileid_181.wav
56,7.024937629699707,7.036338344628758,inf,7.036338344628758,0.927566768852244,1.2239590883255005,15.042287826538086,15.130301112341865,inf,15.130301112341865,0.9611281559787751,2.1640031337738037,/hpc_stor03/sjtu_home/zixiang.wang/DNS-Challenge-master/datasets/no_reverb/noisy/clnsp461_bus_84241_6_snr7_tl-24_fileid_20.wav,/hpc_stor03/sjtu_home/zixiang.wang/DNS-Challenge-master/datasets/no_reverb/clean/clean_fileid_20.wav
57,13.01220417022705,13.033202365636054,inf,13.033202365636054,0.9397650726974823,1.49875807762146,17.32091522216797,17.412304728786406,inf,17.412304728786406,0.9575197675200295,2.0671627521514893,/hpc_stor03/sjtu_home/zixiang.wang/DNS-Challenge-master/datasets/no_reverb/noisy/clnsp642_atRfc2R9SdU_snr13_tl-33_fileid_206.wav,/hpc_stor03/sjtu_home/zixiang.wang/DNS-Challenge-master/datasets/no_reverb/clean/clean_fileid_206.wav
58,6.9878950119018555,7.019184120562219,inf,7.019184120562219,0.9083754505528536,1.2557764053344727,19.58638572692871,19.868865233849093,inf,19.868865233849093,0.9622573439175681,2.4954311847686768,/hpc_stor03/sjtu_home/zixiang.wang/DNS-Challenge-master/datasets/no_reverb/noisy/clnsp204_birds_105003_1_snr7_tl-29_fileid_207.wav,/hpc_stor03/sjtu_home/zixiang.wang/DNS-Challenge-master/datasets/no_reverb/clean/clean_fileid_207.wav
59,15.003881454467773,15.011980969681979,inf,15.011980969681979,0.943813555931866,2.2128586769104004,21.22772979736328,21.293485301396608,inf,21.293485301396608,0.9768587959501254,3.1740641593933105,/hpc_stor03/sjtu_home/zixiang.wang/DNS-Challenge-master/datasets/no_reverb/noisy/clnsp246_door_83878_0_snr15_tl-26_fileid_213.wav,/hpc_stor03/sjtu_home/zixiang.wang/DNS-Challenge-master/datasets/no_reverb/clean/clean_fileid_213.wav
60,6.00953483581543,6.0187091144119815,inf,6.0187091144119815,0.9030519264323723,1.2664904594421387,12.82834529876709,13.024975630814968,inf,13.024975630814968,0.9575595701523524,1.9765779972076416,/hpc_stor03/sjtu_home/zixiang.wang/DNS-Challenge-master/datasets/no_reverb/noisy/clnsp250_vacuum_388017_2_snr6_tl-20_fileid_231.wav,/hpc_stor03/sjtu_home/zixiang.wang/DNS-Challenge-master/datasets/no_reverb/clean/clean_fileid_231.wav
61,-0.006052990909665823,-0.00023563307069043746,inf,-0.00023563307069043746,0.8933386754123085,1.3804700374603271,11.064629554748535,11.235630954388308,inf,11.235630954388308,0.9289726204807214,1.9825048446655273,/hpc_stor03/sjtu_home/zixiang.wang/DNS-Challenge-master/datasets/no_reverb/noisy/clnsp148_4AGxmFdExYc_snr0_tl-28_fileid_238.wav,/hpc_stor03/sjtu_home/zixiang.wang/DNS-Challenge-master/datasets/no_reverb/clean/clean_fileid_238.wav
62,12.007211685180664,12.015416904340892,inf,12.015416904340892,0.8921746134271308,1.5743513107299805,15.878959655761719,16.242976787566548,inf,16.242976787566548,0.9648189528499617,2.691640853881836,/hpc_stor03/sjtu_home/zixiang.wang/DNS-Challenge-master/datasets/no_reverb/noisy/clnsp287_baby_416650_0_snr12_tl-34_fileid_241.wav,/hpc_stor03/sjtu_home/zixiang.wang/DNS-Challenge-master/datasets/no_reverb/clean/clean_fileid_241.wav
63,13.995454788208008,14.03656521346501,inf,14.03656521346501,0.9483225923243181,2.299428939819336,19.194416046142578,19.32488441600064,inf,19.32488441600064,0.98105951361412,3.2863166332244873,/hpc_stor03/sjtu_home/zixiang.wang/DNS-Challenge-master/datasets/no_reverb/noisy/clnsp433_baby_416671_0_snr14_tl-34_fileid_249.wav,/hpc_stor03/sjtu_home/zixiang.wang/DNS-Challenge-master/datasets/no_reverb/clean/clean_fileid_249.wav
64,4.065481185913086,4.079632284132396,inf,4.079632284132396,0.8367437704324108,1.2204294204711914,10.427499771118164,10.474333452378005,inf,10.474333452378005,0.8967589829287133,1.4942702054977417,/hpc_stor03/sjtu_home/zixiang.wang/DNS-Challenge-master/datasets/no_reverb/noisy/clnsp50_babble_188218_24_snr4_tl-29_fileid_255.wav,/hpc_stor03/sjtu_home/zixiang.wang/DNS-Challenge-master/datasets/no_reverb/clean/clean_fileid_255.wav
65,0.08166991919279099,0.10568664822672078,inf,0.10568664822672078,0.6978800745627965,1.063169240951538,7.362639427185059,7.807376348976403,inf,7.807376348976403,0.7888953535340824,1.3373734951019287,/hpc_stor03/sjtu_home/zixiang.wang/DNS-Challenge-master/datasets/no_reverb/noisy/clnsp102_traffic_248091_3_snr0_tl-21_fileid_268.wav,/hpc_stor03/sjtu_home/zixiang.wang/DNS-Challenge-master/datasets/no_reverb/clean/clean_fileid_268.wav
66,3.9638283252716064,3.984656878229478,inf,3.984656878229478,0.8143799412472545,1.0878311395645142,13.140908241271973,13.398601324752548,inf,13.398601324752548,0.8837530310922064,1.6431493759155273,/hpc_stor03/sjtu_home/zixiang.wang/DNS-Challenge-master/datasets/no_reverb/noisy/clnsp47_fan_out_83867_5_snr4_tl-34_fileid_277.wav,/hpc_stor03/sjtu_home/zixiang.wang/DNS-Challenge-master/datasets/no_reverb/clean/clean_fileid_277.wav
67,13.999568939208984,14.012501602137302,inf,14.012501602137302,0.9545897091195135,2.0055501461029053,18.074514389038086,18.222164748399802,inf,18.222164748399802,0.9678778467758019,2.7517342567443848,/hpc_stor03/sjtu_home/zixiang.wang/DNS-Challenge-master/datasets/no_reverb/noisy/clnsp341_water_213280_2_snr14_tl-20_fileid_282.wav,/hpc_stor03/sjtu_home/zixiang.wang/DNS-Challenge-master/datasets/no_reverb/clean/clean_fileid_282.wav
68,5.985880374908447,5.996872053707007,inf,5.996872053707007,0.905208553949549,1.2506957054138184,13.25385570526123,14.024963631746273,inf,14.024963631746273,0.9442358914659535,1.826138973236084,/hpc_stor03/sjtu_home/zixiang.wang/DNS-Challenge-master/datasets/no_reverb/noisy/clnsp378_vacuum_154783_1_snr6_tl-32_fileid_283.wav,/hpc_stor03/sjtu_home/zixiang.wang/DNS-Challenge-master/datasets/no_reverb/clean/clean_fileid_283.wav
69,6.0054612159729,6.014053155709609,inf,6.014053155709609,0.9089550377155982,1.418562412261963,9.259799003601074,9.366031871781562,inf,9.366031871781562,0.9293124608817253,1.6184325218200684,/hpc_stor03/sjtu_home/zixiang.wang/DNS-Challenge-master/datasets/no_reverb/noisy/clnsp314_washer_246507_8_snr6_tl-23_fileid_289.wav,/hpc_stor03/sjtu_home/zixiang.wang/DNS-Challenge-master/datasets/no_reverb/clean/clean_fileid_289.wav
70,9.986639976501465,9.997325868153354,inf,9.997325868153354,0.8607464416551319,1.180968999862671,10.72756290435791,11.070896324998316,inf,11.070896324998316,0.9149788666516329,1.7896387577056885,/hpc_stor03/sjtu_home/zixiang.wang/DNS-Challenge-master/datasets/no_reverb/noisy/clnsp27_GvaTLOWuCK8_snr10_tl-22_fileid_296.wav,/hpc_stor03/sjtu_home/zixiang.wang/DNS-Challenge-master/datasets/no_reverb/clean/clean_fileid_296.wav
71,1.9390978813171387,1.9801908639755983,inf,1.9801908639755983,0.8474531372102664,1.1220158338546753,8.42720890045166,8.748870223794428,inf,8.748870223794428,0.9093750236720687,1.5811649560928345,/hpc_stor03/sjtu_home/zixiang.wang/DNS-Challenge-master/datasets/no_reverb/noisy/clnsp57_bus_84241_3_snr2_tl-30_fileid_300.wav,/hpc_stor03/sjtu_home/zixiang.wang/DNS-Challenge-master/datasets/no_reverb/clean/clean_fileid_300.wav
72,18.992429733276367,19.00400454938454,inf,19.00400454938454,0.9853956685564139,2.1509604454040527,18.70465087890625,19.062840629153616,inf,19.062840629153616,0.9871810961919922,2.145057439804077,/hpc_stor03/sjtu_home/zixiang.wang/DNS-Challenge-master/datasets/no_reverb/noisy/clnsp176_chair_154380_0_snr19_tl-32_fileid_35.wav,/hpc_stor03/sjtu_home/zixiang.wang/DNS-Challenge-master/datasets/no_reverb/clean/clean_fileid_35.wav
73,18.00231170654297,18.00883977002412,inf,18.00883977002412,0.9928691420483368,2.2917394638061523,23.716876983642578,23.766178867788298,inf,23.766178867788298,0.9937385505313651,3.1919665336608887,/hpc_stor03/sjtu_home/zixiang.wang/DNS-Challenge-master/datasets/no_reverb/noisy/clnsp598_traffic_110381_0_snr18_tl-30_fileid_37.wav,/hpc_stor03/sjtu_home/zixiang.wang/DNS-Challenge-master/datasets/no_reverb/clean/clean_fileid_37.wav
74,12.997628211975098,13.005538998316336,inf,13.005538998316336,0.9580351724134015,2.103780746459961,23.438379287719727,23.62171776484975,inf,23.62171776484975,0.9793468116814227,3.191265106201172,/hpc_stor03/sjtu_home/zixiang.wang/DNS-Challenge-master/datasets/no_reverb/noisy/clnsp199_birds_413745_9_snr13_tl-31_fileid_47.wav,/hpc_stor03/sjtu_home/zixiang.wang/DNS-Challenge-master/datasets/no_reverb/clean/clean_fileid_47.wav
75,7.98119592666626,7.988062007660247,inf,7.988062007660247,0.9343954096815918,1.6564675569534302,16.047271728515625,16.15566984841142,inf,16.15566984841142,0.9665718558618573,2.6578316688537598,/hpc_stor03/sjtu_home/zixiang.wang/DNS-Challenge-master/datasets/no_reverb/noisy/clnsp307_barking_196127_0_snr8_tl-21_fileid_52.wav,/hpc_stor03/sjtu_home/zixiang.wang/DNS-Challenge-master/datasets/no_reverb/clean/clean_fileid_52.wav
76,1.0151840448379517,1.0389409463254837,inf,1.0389409463254837,0.6870925645669209,1.0598326921463013,9.045817375183105,9.298829196067688,inf,9.298829196067688,0.7486769346440963,1.2560466527938843,/hpc_stor03/sjtu_home/zixiang.wang/DNS-Challenge-master/datasets/no_reverb/noisy/clnsp628_water_147808_0_snr1_tl-33_fileid_53.wav,/hpc_stor03/sjtu_home/zixiang.wang/DNS-Challenge-master/datasets/no_reverb/clean/clean_fileid_53.wav
77,4.995142936706543,5.009114906671188,inf,5.009114906671188,0.9933139848985849,3.1920413970947266,5.126171112060547,5.13903117441777,inf,5.13903117441777,0.9933964528431926,3.37515926361084,/hpc_stor03/sjtu_home/zixiang.wang/DNS-Challenge-master/datasets/no_reverb/noisy/clnsp387_wind_361414_0_snr5_tl-29_fileid_64.wav,/hpc_stor03/sjtu_home/zixiang.wang/DNS-Challenge-master/datasets/no_reverb/clean/clean_fileid_64.wav
78,2.0049731731414795,2.018142552360404,inf,2.018142552360404,0.941744622707851,1.3868764638900757,16.713375091552734,16.772244226562133,inf,16.772244226562133,0.9640213748188666,2.1895384788513184,/hpc_stor03/sjtu_home/zixiang.wang/DNS-Challenge-master/datasets/no_reverb/noisy/clnsp217_birds_413745_1_snr2_tl-28_fileid_71.wav,/hpc_stor03/sjtu_home/zixiang.wang/DNS-Challenge-master/datasets/no_reverb/clean/clean_fileid_71.wav
79,5.998051166534424,6.011066670595091,inf,6.011066670595091,0.9281912170842447,1.3712692260742188,12.1380615234375,12.471125359082887,inf,12.471125359082887,0.9270204042627512,1.7484163045883179,/hpc_stor03/sjtu_home/zixiang.wang/DNS-Challenge-master/datasets/no_reverb/noisy/clnsp177_0kuIP7fLNpM_snr6_tl-26_fileid_90.wav,/hpc_stor03/sjtu_home/zixiang.wang/DNS-Challenge-master/datasets/no_reverb/clean/clean_fileid_90.wav
80,2.0033063888549805,2.0190651783011755,inf,2.0190651783011755,0.8961164635678374,1.2379729747772217,7.44222354888916,7.838607736187236,inf,7.838607736187236,0.928886141214293,1.7365506887435913,/hpc_stor03/sjtu_home/zixiang.wang/DNS-Challenge-master/datasets/no_reverb/noisy/clnsp535_washer_460549_1_snr2_tl-35_fileid_102.wav,/hpc_stor03/sjtu_home/zixiang.wang/DNS-Challenge-master/datasets/no_reverb/clean/clean_fileid_102.wav
81,5.997797966003418,6.005079353544018,inf,6.005079353544018,0.9102540916134787,1.3967771530151367,16.91777992248535,17.27566212876664,inf,17.27566212876664,0.9444085105645295,2.2842953205108643,/hpc_stor03/sjtu_home/zixiang.wang/DNS-Challenge-master/datasets/no_reverb/noisy/clnsp30_birds_121947_2_snr6_tl-27_fileid_116.wav,/hpc_stor03/sjtu_home/zixiang.wang/DNS-Challenge-master/datasets/no_reverb/clean/clean_fileid_116.wav
82,18.005983352661133,18.019670424146085,inf,18.019670424146085,0.9629714992216808,2.1670165061950684,18.776535034179688,18.800795257119688,inf,18.800795257119688,0.9673592694658353,2.2562122344970703,/hpc_stor03/sjtu_home/zixiang.wang/DNS-Challenge-master/datasets/no_reverb/noisy/clnsp76_babble_188218_0_snr18_tl-28_fileid_117.wav,/hpc_stor03/sjtu_home/zixiang.wang/DNS-Challenge-master/datasets/no_reverb/clean/clean_fileid_117.wav
83,21.482120513916016,15.280400454847847,inf,15.280400454847847,0.9439975371219884,2.1005356311798096,16.60736656188965,13.726290033444503,inf,13.726290033444503,0.9468476113890026,2.6463429927825928,/hpc_stor03/sjtu_home/zixiang.wang/DNS-Challenge-master/datasets/no_reverb/noisy/clnsp574_footsteps_324086_1_snr15_tl-34_fileid_134.wav,/hpc_stor03/sjtu_home/zixiang.wang/DNS-Challenge-master/datasets/no_reverb/clean/clean_fileid_134.wav
84,17.694482803344727,5.056444129476706,inf,5.056444129476706,0.9695678988420985,2.0848121643066406,12.400931358337402,4.334808355230385,inf,4.334808355230385,0.9566919251704776,2.1483399868011475,/hpc_stor03/sjtu_home/zixiang.wang/DNS-Challenge-master/datasets/no_reverb/noisy/clnsp414_pa_kcBIPQJM_snr5_tl-23_fileid_145.wav,/hpc_stor03/sjtu_home/zixiang.wang/DNS-Challenge-master/datasets/no_reverb/clean/clean_fileid_145.wav
85,1.068256139755249,1.0808641064942162,inf,1.0808641064942162,0.8527083447185292,1.1216661930084229,10.400882720947266,10.63216962449559,inf,10.63216962449559,0.9150880654810016,1.6986465454101562,/hpc_stor03/sjtu_home/zixiang.wang/DNS-Challenge-master/datasets/no_reverb/noisy/clnsp243_LU2DK53Oud4_snr1_tl-29_fileid_150.wav,/hpc_stor03/sjtu_home/zixiang.wang/DNS-Challenge-master/datasets/no_reverb/clean/clean_fileid_150.wav
86,15.002559661865234,15.02912158629314,inf,15.02912158629314,0.9858287936945894,1.7355395555496216,12.536238670349121,12.810189370277795,inf,12.810189370277795,0.9799863358808145,2.1078860759735107,/hpc_stor03/sjtu_home/zixiang.wang/DNS-Challenge-master/datasets/no_reverb/noisy/clnsp1_train_69005_1_snr15_tl-21_fileid_158.wav,/hpc_stor03/sjtu_home/zixiang.wang/DNS-Challenge-master/datasets/no_reverb/clean/clean_fileid_158.wav
87,1.0024019479751587,1.016102243101345,inf,1.016102243101345,0.9038933375970725,1.489892601966858,4.083858489990234,4.194737519101101,inf,4.194737519101101,0.9360039214798488,1.6263500452041626,/hpc_stor03/sjtu_home/zixiang.wang/DNS-Challenge-master/datasets/no_reverb/noisy/clnsp401_breath_336530_3_snr1_tl-28_fileid_163.wav,/hpc_stor03/sjtu_home/zixiang.wang/DNS-Challenge-master/datasets/no_reverb/clean/clean_fileid_163.wav
88,17.995946884155273,18.01031895272802,inf,18.01031895272802,0.9533615735110059,1.5410189628601074,20.245677947998047,20.297986334219726,inf,20.297986334219726,0.9610258245571603,2.017909288406372,/hpc_stor03/sjtu_home/zixiang.wang/DNS-Challenge-master/datasets/no_reverb/noisy/clnsp352_clatter_noise_431472__debsound__retro-bicycle-minsk-aist-20-ride-loop-rear-wheel_0_snr18_tl-33_fileid_166.wav,/hpc_stor03/sjtu_home/zixiang.wang/DNS-Challenge-master/datasets/no_reverb/clean/clean_fileid_166.wav
89,11.00300407409668,11.014078511097111,inf,11.014078511097111,0.8849965898139113,1.5745561122894287,12.558527946472168,13.084296320317083,inf,13.084296320317083,0.942454479326418,2.168804883956909,/hpc_stor03/sjtu_home/zixiang.wang/DNS-Challenge-master/datasets/no_reverb/noisy/clnsp51_baby_416672_0_snr11_tl-22_fileid_167.wav,/hpc_stor03/sjtu_home/zixiang.wang/DNS-Challenge-master/datasets/no_reverb/clean/clean_fileid_167.wav
90,15.0006103515625,15.005339170218058,inf,15.005339170218058,0.9521945928594645,1.822068691253662,14.004579544067383,14.511142829465541,inf,14.511142829465541,0.9643529294476679,2.6323297023773193,/hpc_stor03/sjtu_home/zixiang.wang/DNS-Challenge-master/datasets/no_reverb/noisy/clnsp592_birds_130501_1_snr15_tl-28_fileid_173.wav,/hpc_stor03/sjtu_home/zixiang.wang/DNS-Challenge-master/datasets/no_reverb/clean/clean_fileid_173.wav
91,8.00701904296875,8.021071576799187,inf,8.021071576799187,0.7890556388085619,1.181567668914795,18.866304397583008,19.088158380584147,inf,19.088158380584147,0.9378894078779799,2.573866844177246,/hpc_stor03/sjtu_home/zixiang.wang/DNS-Challenge-master/datasets/no_reverb/noisy/clnsp339_chair_264157_0_snr8_tl-28_fileid_176.wav,/hpc_stor03/sjtu_home/zixiang.wang/DNS-Challenge-master/datasets/no_reverb/clean/clean_fileid_176.wav
92,4.9906721115112305,5.015232781646045,inf,5.015232781646045,0.9286565890598637,1.596297264099121,8.689167022705078,9.041216354154527,inf,9.041216354154527,0.9241635464349376,1.7618544101715088,/hpc_stor03/sjtu_home/zixiang.wang/DNS-Challenge-master/datasets/no_reverb/noisy/clnsp52_amMeH4u6AO4_snr5_tl-18_fileid_19.wav,/hpc_stor03/sjtu_home/zixiang.wang/DNS-Challenge-master/datasets/no_reverb/clean/clean_fileid_19.wav
93,0.9559977650642395,0.9788690058358598,inf,0.9788690058358598,0.7150067969262702,1.059712529182434,8.875077247619629,9.369042165662188,inf,9.369042165662188,0.8195761336703649,1.4242289066314697,/hpc_stor03/sjtu_home/zixiang.wang/DNS-Challenge-master/datasets/no_reverb/noisy/clnsp186_vacuum_353640_3_snr1_tl-27_fileid_192.wav,/hpc_stor03/sjtu_home/zixiang.wang/DNS-Challenge-master/datasets/no_reverb/clean/clean_fileid_192.wav
94,12.999948501586914,13.002531055449344,inf,13.002531055449344,0.9974966999692815,2.8424150943756104,12.036113739013672,12.123084813286194,inf,12.123084813286194,0.9761252420430465,2.538715362548828,/hpc_stor03/sjtu_home/zixiang.wang/DNS-Challenge-master/datasets/no_reverb/noisy/clnsp153_bus_109303_3_snr13_tl-34_fileid_197.wav,/hpc_stor03/sjtu_home/zixiang.wang/DNS-Challenge-master/datasets/no_reverb/clean/clean_fileid_197.wav
95,8.996493339538574,8.997150719138178,inf,8.997150719138178,0.9792301406348115,2.191603422164917,15.094856262207031,15.630935218135054,inf,15.630935218135054,0.9892828421780289,3.0535056591033936,/hpc_stor03/sjtu_home/zixiang.wang/DNS-Challenge-master/datasets/no_reverb/noisy/clnsp393_chair_400385_0_snr9_tl-31_fileid_220.wav,/hpc_stor03/sjtu_home/zixiang.wang/DNS-Challenge-master/datasets/no_reverb/clean/clean_fileid_220.wav
96,5.015320301055908,5.035525339174415,inf,5.035525339174415,0.8394809099656542,1.4508799314498901,11.909808158874512,12.684932338368522,inf,12.684932338368522,0.9354864899810329,2.2403922080993652,/hpc_stor03/sjtu_home/zixiang.wang/DNS-Challenge-master/datasets/no_reverb/noisy/clnsp621_clatter_noise_194994__soundmary__metalic-squeeks-and-clunks_0_snr5_tl-35_fileid_221.wav,/hpc_stor03/sjtu_home/zixiang.wang/DNS-Challenge-master/datasets/no_reverb/clean/clean_fileid_221.wav
97,11.034459114074707,11.076725042198676,inf,11.076725042198676,0.9728683097266461,2.155123472213745,17.06508445739746,17.222933573494814,inf,17.222933573494814,0.9857383877318179,2.8994858264923096,/hpc_stor03/sjtu_home/zixiang.wang/DNS-Challenge-master/datasets/no_reverb/noisy/clnsp91_washer_400403_3_snr11_tl-30_fileid_228.wav,/hpc_stor03/sjtu_home/zixiang.wang/DNS-Challenge-master/datasets/no_reverb/clean/clean_fileid_228.wav
98,3.992593765258789,4.018974013148106,inf,4.018974013148106,0.8728934915565061,1.2034084796905518,12.775406837463379,13.321693108819083,inf,13.321693108819083,0.9317303859120182,1.5204743146896362,/hpc_stor03/sjtu_home/zixiang.wang/DNS-Challenge-master/datasets/no_reverb/noisy/clnsp395_bus_84241_0_snr4_tl-22_fileid_229.wav,/hpc_stor03/sjtu_home/zixiang.wang/DNS-Challenge-master/datasets/no_reverb/clean/clean_fileid_229.wav
99,4.00472354888916,4.031981855659347,inf,4.031981855659347,0.934376463304811,1.6153391599655151,8.727306365966797,8.874092390764517,inf,8.874092390764517,0.9560802729370108,2.1070988178253174,/hpc_stor03/sjtu_home/zixiang.wang/DNS-Challenge-master/datasets/no_reverb/noisy/clnsp194_barking_25887_3_snr4_tl-24_fileid_23.wav,/hpc_stor03/sjtu_home/zixiang.wang/DNS-Challenge-master/datasets/no_reverb/clean/clean_fileid_23.wav
100,1.9995026588439941,2.0145416056427794,inf,2.0145416056427794,0.7515643416078833,1.146440029144287,13.645761489868164,14.100712528040338,inf,14.100712528040338,0.9050069548576835,1.9628651142120361,/hpc_stor03/sjtu_home/zixiang.wang/DNS-Challenge-master/datasets/no_reverb/noisy/clnsp622_baby_416680_0_snr2_tl-34_fileid_234.wav,/hpc_stor03/sjtu_home/zixiang.wang/DNS-Challenge-master/datasets/no_reverb/clean/clean_fileid_234.wav
101,3.0160655975341797,3.0201241248575306,inf,3.0201241248575306,0.9578534528647331,1.568020224571228,4.048372745513916,4.055909058522586,inf,4.055909058522586,0.9582518070918126,1.7043111324310303,/hpc_stor03/sjtu_home/zixiang.wang/DNS-Challenge-master/datasets/no_reverb/noisy/clnsp297_breath_336530_0_snr3_tl-31_fileid_245.wav,/hpc_stor03/sjtu_home/zixiang.wang/DNS-Challenge-master/datasets/no_reverb/clean/clean_fileid_245.wav
102,8.992844581604004,9.010093038767854,inf,9.010093038767854,0.9191946386492068,1.322102427482605,16.83626937866211,17.006547333502823,inf,17.006547333502823,0.9453176446613741,2.173276901245117,/hpc_stor03/sjtu_home/zixiang.wang/DNS-Challenge-master/datasets/no_reverb/noisy/clnsp213_bhxP0WJ17ko_snr9_tl-33_fileid_250.wav,/hpc_stor03/sjtu_home/zixiang.wang/DNS-Challenge-master/datasets/no_reverb/clean/clean_fileid_250.wav
103,11.999834060668945,12.015692101833992,inf,12.015692101833992,0.9519153388946159,2.140885353088379,18.229082107543945,18.372780088877306,inf,18.372780088877306,0.9529007181195167,2.8004331588745117,/hpc_stor03/sjtu_home/zixiang.wang/DNS-Challenge-master/datasets/no_reverb/noisy/clnsp301_barking_166489_1_snr12_tl-21_fileid_26.wav,/hpc_stor03/sjtu_home/zixiang.wang/DNS-Challenge-master/datasets/no_reverb/clean/clean_fileid_26.wav
104,14.999124526977539,15.011226516221912,inf,15.011226516221912,0.9584480528864703,1.928061842918396,17.859050750732422,17.893400604656282,inf,17.893400604656282,0.9706381761785693,2.3920023441314697,/hpc_stor03/sjtu_home/zixiang.wang/DNS-Challenge-master/datasets/no_reverb/noisy/clnsp513_babble_188218_9_snr15_tl-21_fileid_287.wav,/hpc_stor03/sjtu_home/zixiang.wang/DNS-Challenge-master/datasets/no_reverb/clean/clean_fileid_287.wav
105,15.99669361114502,16.002980356368916,inf,16.002980356368916,0.9570805100132348,1.6421003341674805,23.08367156982422,23.140710969609227,inf,23.140710969609227,0.992822188178757,2.999868631362915,/hpc_stor03/sjtu_home/zixiang.wang/DNS-Challenge-master/datasets/no_reverb/noisy/clnsp480_baby_416664_0_snr16_tl-31_fileid_33.wav,/hpc_stor03/sjtu_home/zixiang.wang/DNS-Challenge-master/datasets/no_reverb/clean/clean_fileid_33.wav
106,17.00101089477539,17.021497264741598,inf,17.021497264741598,0.9589722332434869,2.1748645305633545,12.091446876525879,12.555706860108522,inf,12.555706860108522,0.9365649964881884,2.350198984146118,/hpc_stor03/sjtu_home/zixiang.wang/DNS-Challenge-master/datasets/no_reverb/noisy/clnsp493_barking_208030_0_snr17_tl-26_fileid_42.wav,/hpc_stor03/sjtu_home/zixiang.wang/DNS-Challenge-master/datasets/no_reverb/clean/clean_fileid_42.wav
107,8.029280662536621,8.040324465374631,inf,8.040324465374631,0.8392730044748865,1.1967084407806396,14.441596031188965,14.603494740168506,inf,14.603494740168506,0.8856433433317736,1.7007477283477783,/hpc_stor03/sjtu_home/zixiang.wang/DNS-Challenge-master/datasets/no_reverb/noisy/clnsp94_9wJqCdp5PKw_snr8_tl-18_fileid_43.wav,/hpc_stor03/sjtu_home/zixiang.wang/DNS-Challenge-master/datasets/no_reverb/clean/clean_fileid_43.wav
108,2.9981043338775635,3.017754239916686,inf,3.017754239916686,0.8729768224137762,1.3565304279327393,13.447357177734375,13.913412806415304,inf,13.913412806415304,0.9199157466460488,1.8830214738845825,/hpc_stor03/sjtu_home/zixiang.wang/DNS-Challenge-master/datasets/no_reverb/noisy/clnsp267_wind_407022_1_snr3_tl-25_fileid_57.wav,/hpc_stor03/sjtu_home/zixiang.wang/DNS-Challenge-master/datasets/no_reverb/clean/clean_fileid_57.wav
109,18.994386672973633,19.004860896740823,inf,19.004860896740823,0.9892101084034474,2.4532506465911865,20.921972274780273,20.96682077227205,inf,20.96682077227205,0.9868387146530253,2.9932637214660645,/hpc_stor03/sjtu_home/zixiang.wang/DNS-Challenge-master/datasets/no_reverb/noisy/clnsp291_vacuum_388017_1_snr19_tl-26_fileid_60.wav,/hpc_stor03/sjtu_home/zixiang.wang/DNS-Challenge-master/datasets/no_reverb/clean/clean_fileid_60.wav
110,15.997966766357422,16.00808371014956,inf,16.00808371014956,0.938937300555905,1.8015587329864502,19.271888732910156,19.342440480247866,inf,19.342440480247866,0.9548497696055045,2.4847517013549805,/hpc_stor03/sjtu_home/zixiang.wang/DNS-Challenge-master/datasets/no_reverb/noisy/clnsp380_drinking_water_445523_0_snr16_tl-20_fileid_69.wav,/hpc_stor03/sjtu_home/zixiang.wang/DNS-Challenge-master/datasets/no_reverb/clean/clean_fileid_69.wav
111,17.99579429626465,18.01569308748222,inf,18.01569308748222,0.9793104278366301,1.889997124671936,23.205068588256836,23.269284187341988,inf,23.269284187341988,0.9886160377062135,2.841278314590454,/hpc_stor03/sjtu_home/zixiang.wang/DNS-Challenge-master/datasets/no_reverb/noisy/clnsp67_air_conditioner_151977_0_snr18_tl-23_fileid_80.wav,/hpc_stor03/sjtu_home/zixiang.wang/DNS-Challenge-master/datasets/no_reverb/clean/clean_fileid_80.wav
112,13.999252319335938,14.00401501215622,inf,14.00401501215622,0.9463091876281408,1.8166908025741577,20.934829711914062,20.989123043731247,inf,20.989123043731247,0.9851566110904478,3.084716320037842,/hpc_stor03/sjtu_home/zixiang.wang/DNS-Challenge-master/datasets/no_reverb/noisy/clnsp62_birds_413745_6_snr14_tl-33_fileid_81.wav,/hpc_stor03/sjtu_home/zixiang.wang/DNS-Challenge-master/datasets/no_reverb/clean/clean_fileid_81.wav
113,11.006718635559082,11.022223017321505,inf,11.022223017321505,0.9169787650131667,1.280055284500122,17.938039779663086,18.03598594792161,inf,18.03598594792161,0.9692224738553543,2.563232660293579,/hpc_stor03/sjtu_home/zixiang.wang/DNS-Challenge-master/datasets/no_reverb/noisy/clnsp16_traffic_248091_1_snr11_tl-22_fileid_88.wav,/hpc_stor03/sjtu_home/zixiang.wang/DNS-Challenge-master/datasets/no_reverb/clean/clean_fileid_88.wav
114,4.999952793121338,5.023100409142062,inf,5.023100409142062,0.9374328429476747,1.7183241844177246,13.343751907348633,13.469426879456064,inf,13.469426879456064,0.9707482109777026,2.5287156105041504,/hpc_stor03/sjtu_home/zixiang.wang/DNS-Challenge-master/datasets/no_reverb/noisy/clnsp644_barking_25887_0_snr5_tl-28_fileid_89.wav,/hpc_stor03/sjtu_home/zixiang.wang/DNS-Challenge-master/datasets/no_reverb/clean/clean_fileid_89.wav
115,6.017241954803467,6.059076469590958,inf,6.059076469590958,0.8553313859206935,1.2566111087799072,9.020417213439941,9.560680733871779,inf,9.560680733871779,0.8998427419213054,1.5120017528533936,/hpc_stor03/sjtu_home/zixiang.wang/DNS-Challenge-master/datasets/no_reverb/noisy/clnsp383_babble_188218_15_snr6_tl-18_fileid_94.wav,/hpc_stor03/sjtu_home/zixiang.wang/DNS-Challenge-master/datasets/no_reverb/clean/clean_fileid_94.wav
116,0.14413292706012726,0.0032063845563752038,inf,0.0032063845563752038,0.8963830420569817,1.07198965549469,10.974236488342285,9.622754875344864,inf,9.622754875344864,0.9525812652768618,1.523848056793213,/hpc_stor03/sjtu_home/zixiang.wang/DNS-Challenge-master/datasets/no_reverb/noisy/clnsp198_bus_56903_0_snr0_tl-32_fileid_101.wav,/hpc_stor03/sjtu_home/zixiang.wang/DNS-Challenge-master/datasets/no_reverb/clean/clean_fileid_101.wav
117,10.00662899017334,10.016232756549394,inf,10.016232756549394,0.8751091433535817,1.4429078102111816,19.330129623413086,19.531798469344864,inf,19.531798469344864,0.963937034214069,2.766563653945923,/hpc_stor03/sjtu_home/zixiang.wang/DNS-Challenge-master/datasets/no_reverb/noisy/clnsp379_baby_416648_0_snr10_tl-29_fileid_136.wav,/hpc_stor03/sjtu_home/zixiang.wang/DNS-Challenge-master/datasets/no_reverb/clean/clean_fileid_136.wav
118,12.00092887878418,12.011931405338398,inf,12.011931405338398,0.9673828541095103,2.000737190246582,11.287988662719727,11.661088340757921,inf,11.661088340757921,0.9650668774863735,2.730043888092041,/hpc_stor03/sjtu_home/zixiang.wang/DNS-Challenge-master/datasets/no_reverb/noisy/clnsp247_birds_413745_4_snr12_tl-24_fileid_137.wav,/hpc_stor03/sjtu_home/zixiang.wang/DNS-Challenge-master/datasets/no_reverb/clean/clean_fileid_137.wav
119,11.994853019714355,12.005306754225895,inf,12.005306754225895,0.979724086416526,1.7125604152679443,19.97987174987793,20.03526558482178,inf,20.03526558482178,0.9864044886006599,2.914318561553955,/hpc_stor03/sjtu_home/zixiang.wang/DNS-Challenge-master/datasets/no_reverb/noisy/clnsp279_wind_237324_2_snr12_tl-19_fileid_146.wav,/hpc_stor03/sjtu_home/zixiang.wang/DNS-Challenge-master/datasets/no_reverb/clean/clean_fileid_146.wav
120,5.047837257385254,5.069544131767935,inf,5.069544131767935,0.8853827122872349,1.2578206062316895,10.45006275177002,10.531574642929924,inf,10.531574642929924,0.9281128186084348,1.6606237888336182,/hpc_stor03/sjtu_home/zixiang.wang/DNS-Challenge-master/datasets/no_reverb/noisy/clnsp25_babble_188218_21_snr5_tl-25_fileid_147.wav,/hpc_stor03/sjtu_home/zixiang.wang/DNS-Challenge-master/datasets/no_reverb/clean/clean_fileid_147.wav
121,14.017322540283203,14.025690231166765,inf,14.025690231166765,0.9840069205419846,2.2841856479644775,19.678550720214844,19.703956071987562,inf,19.703956071987562,0.9910115422706012,3.11198091506958,/hpc_stor03/sjtu_home/zixiang.wang/DNS-Challenge-master/datasets/no_reverb/noisy/clnsp268_wind_237324_0_snr14_tl-32_fileid_152.wav,/hpc_stor03/sjtu_home/zixiang.wang/DNS-Challenge-master/datasets/no_reverb/clean/clean_fileid_152.wav
122,6.003925323486328,6.0110416840005465,inf,6.0110416840005465,0.9619034004036765,1.746902346611023,6.728825092315674,6.75120373132236,inf,6.75120373132236,0.9673725336305248,2.528515338897705,/hpc_stor03/sjtu_home/zixiang.wang/DNS-Challenge-master/datasets/no_reverb/noisy/clnsp517_wind_112296_1_snr6_tl-30_fileid_165.wav,/hpc_stor03/sjtu_home/zixiang.wang/DNS-Challenge-master/datasets/no_reverb/clean/clean_fileid_165.wav
123,1.0327188968658447,1.0784848181670215,inf,1.0784848181670215,0.8919601675410813,1.1952141523361206,13.365983009338379,13.744195297122046,inf,13.744195297122046,0.9449714119397433,2.1822972297668457,/hpc_stor03/sjtu_home/zixiang.wang/DNS-Challenge-master/datasets/no_reverb/noisy/clnsp205_wind_407027_1_snr1_tl-24_fileid_170.wav,/hpc_stor03/sjtu_home/zixiang.wang/DNS-Challenge-master/datasets/no_reverb/clean/clean_fileid_170.wav
124,18.00273323059082,18.012673701582223,inf,18.012673701582223,0.9835152669036745,2.30411434173584,19.948062896728516,19.982083141874742,inf,19.982083141874742,0.9866916511134033,2.9547195434570312,/hpc_stor03/sjtu_home/zixiang.wang/DNS-Challenge-master/datasets/no_reverb/noisy/clnsp113_car_19980_0_snr18_tl-30_fileid_178.wav,/hpc_stor03/sjtu_home/zixiang.wang/DNS-Challenge-master/datasets/no_reverb/clean/clean_fileid_178.wav
125,15.999160766601562,16.01704318227283,inf,16.01704318227283,0.9762011266764027,1.599410891532898,23.74272918701172,23.86214749141677,inf,23.86214749141677,0.9955084694168495,3.8845112323760986,/hpc_stor03/sjtu_home/zixiang.wang/DNS-Challenge-master/datasets/no_reverb/noisy/clnsp475_door_73622_0_snr16_tl-29_fileid_191.wav,/hpc_stor03/sjtu_home/zixiang.wang/DNS-Challenge-master/datasets/no_reverb/clean/clean_fileid_191.wav
126,11.99841022491455,12.012533586918025,inf,12.012533586918025,0.9486300835590411,1.3774163722991943,15.273093223571777,15.350196887855173,inf,15.350196887855173,0.9649387373244868,1.9446501731872559,/hpc_stor03/sjtu_home/zixiang.wang/DNS-Challenge-master/datasets/no_reverb/noisy/clnsp332_yrucOeXHbs0_snr12_tl-31_fileid_199.wav,/hpc_stor03/sjtu_home/zixiang.wang/DNS-Challenge-master/datasets/no_reverb/clean/clean_fileid_199.wav
127,10.987272262573242,10.9999882115704,inf,10.9999882115704,0.9070499028358288,1.4403053522109985,14.54560375213623,14.714100272656172,inf,14.714100272656172,0.9381605296282423,2.145106077194214,/hpc_stor03/sjtu_home/zixiang.wang/DNS-Challenge-master/datasets/no_reverb/noisy/clnsp225_washer_246507_10_snr11_tl-20_fileid_200.wav,/hpc_stor03/sjtu_home/zixiang.wang/DNS-Challenge-master/datasets/no_reverb/clean/clean_fileid_200.wav
128,11.985221862792969,11.998880435972163,inf,11.998880435972163,0.9291788813396517,1.5366201400756836,17.450363159179688,17.659693880820594,inf,17.659693880820594,0.9619926600022735,2.055440664291382,/hpc_stor03/sjtu_home/zixiang.wang/DNS-Challenge-master/datasets/no_reverb/noisy/clnsp266_washer_246507_1_snr12_tl-24_fileid_201.wav,/hpc_stor03/sjtu_home/zixiang.wang/DNS-Challenge-master/datasets/no_reverb/clean/clean_fileid_201.wav
129,11.00816535949707,11.031909591496623,inf,11.031909591496623,0.9669903226087037,1.525549054145813,19.42099952697754,19.747009594031457,inf,19.747009594031457,0.9767851414954435,2.3022913932800293,/hpc_stor03/sjtu_home/zixiang.wang/DNS-Challenge-master/datasets/no_reverb/noisy/clnsp487_vacuum_154783_0_snr11_tl-30_fileid_208.wav,/hpc_stor03/sjtu_home/zixiang.wang/DNS-Challenge-master/datasets/no_reverb/clean/clean_fileid_208.wav
130,4.995418071746826,5.007033963581203,inf,5.007033963581203,0.9772319423365796,1.7475271224975586,6.332191467285156,6.3527266996869,inf,6.3527266996869,0.9742890952771841,2.1679270267486572,/hpc_stor03/sjtu_home/zixiang.wang/DNS-Challenge-master/datasets/no_reverb/noisy/clnsp572_fan_out_62635_0_snr5_tl-20_fileid_214.wav,/hpc_stor03/sjtu_home/zixiang.wang/DNS-Challenge-master/datasets/no_reverb/clean/clean_fileid_214.wav
131,4.030684471130371,1.202885498871926,inf,1.202885498871926,0.8018133420144454,1.0986980199813843,10.032588958740234,4.3050068414360325,inf,4.3050068414360325,0.8866819283191791,1.5705609321594238,/hpc_stor03/sjtu_home/zixiang.wang/DNS-Challenge-master/datasets/no_reverb/noisy/clnsp435_footsteps_324086_0_snr1_tl-23_fileid_223.wav,/hpc_stor03/sjtu_home/zixiang.wang/DNS-Challenge-master/datasets/no_reverb/clean/clean_fileid_223.wav
132,6.00656795501709,6.010774958491724,inf,6.010774958491724,0.9857648353827447,1.8430440425872803,15.320547103881836,15.41855254758863,inf,15.41855254758863,0.9856088575261884,2.47005558013916,/hpc_stor03/sjtu_home/zixiang.wang/DNS-Challenge-master/datasets/no_reverb/noisy/clnsp385_bus_109303_1_snr6_tl-28_fileid_247.wav,/hpc_stor03/sjtu_home/zixiang.wang/DNS-Challenge-master/datasets/no_reverb/clean/clean_fileid_247.wav
133,-0.010485593229532242,0.021880037388245448,inf,0.021880037388245448,0.6887028112364492,1.0589323043823242,9.221549987792969,9.483437597169937,inf,9.483437597169937,0.8233940709688523,1.4587805271148682,/hpc_stor03/sjtu_home/zixiang.wang/DNS-Challenge-master/datasets/no_reverb/noisy/clnsp129_lJoaywrZPsU_snr0_tl-27_fileid_252.wav,/hpc_stor03/sjtu_home/zixiang.wang/DNS-Challenge-master/datasets/no_reverb/clean/clean_fileid_252.wav
134,5.016787528991699,5.032511684900277,inf,5.032511684900277,0.8552835908319879,1.1776111125946045,10.46232795715332,11.01231082247226,inf,11.01231082247226,0.9001411194899482,1.616740107536316,/hpc_stor03/sjtu_home/zixiang.wang/DNS-Challenge-master/datasets/no_reverb/noisy/clnsp626_BVu4HrPCEXM_snr5_tl-27_fileid_253.wav,/hpc_stor03/sjtu_home/zixiang.wang/DNS-Challenge-master/datasets/no_reverb/clean/clean_fileid_253.wav
135,7.006200790405273,7.024241427479673,inf,7.024241427479673,0.8758739262471713,1.2207406759262085,13.27126407623291,13.429903105060442,inf,13.429903105060442,0.9386641472947915,2.0402331352233887,/hpc_stor03/sjtu_home/zixiang.wang/DNS-Challenge-master/datasets/no_reverb/noisy/clnsp492_vacuum_195835_4_snr7_tl-33_fileid_264.wav,/hpc_stor03/sjtu_home/zixiang.wang/DNS-Challenge-master/datasets/no_reverb/clean/clean_fileid_264.wav
136,13.992006301879883,14.001659373817185,inf,14.001659373817185,0.9836007625088415,1.93997061252594,18.868671417236328,18.994497103651767,inf,18.994497103651767,0.9888072852320374,2.8558168411254883,/hpc_stor03/sjtu_home/zixiang.wang/DNS-Challenge-master/datasets/no_reverb/noisy/clnsp44_wind_97396_2_snr14_tl-26_fileid_271.wav,/hpc_stor03/sjtu_home/zixiang.wang/DNS-Challenge-master/datasets/no_reverb/clean/clean_fileid_271.wav
137,13.003640174865723,13.018774224509372,inf,13.018774224509372,0.9792676029447963,1.2737027406692505,17.72698211669922,17.891578619784323,inf,17.891578619784323,0.9788261193592682,1.884710669517517,/hpc_stor03/sjtu_home/zixiang.wang/DNS-Challenge-master/datasets/no_reverb/noisy/clnsp502_s8-7-XXSGvQ_snr13_tl-32_fileid_285.wav,/hpc_stor03/sjtu_home/zixiang.wang/DNS-Challenge-master/datasets/no_reverb/clean/clean_fileid_285.wav
138,4.485720634460449,3.1239812134487908,inf,3.1239812134487908,0.8206729745491035,1.1709582805633545,8.664924621582031,5.713023068929713,inf,5.713023068929713,0.9049971122697518,1.6955081224441528,/hpc_stor03/sjtu_home/zixiang.wang/DNS-Challenge-master/datasets/no_reverb/noisy/clnsp263_uOZZEV1IcDI-copy_machine_426874_7_snr3_tl-31_fileid_290.wav,/hpc_stor03/sjtu_home/zixiang.wang/DNS-Challenge-master/datasets/no_reverb/clean/clean_fileid_290.wav
139,5.995946884155273,6.0205241863796495,inf,6.0205241863796495,0.9452285894387387,1.489384412765503,15.746331214904785,16.019967087441614,inf,16.019967087441614,0.9487612355450327,2.441418170928955,/hpc_stor03/sjtu_home/zixiang.wang/DNS-Challenge-master/datasets/no_reverb/noisy/clnsp476_birds_413745_5_snr6_tl-21_fileid_291.wav,/hpc_stor03/sjtu_home/zixiang.wang/DNS-Challenge-master/datasets/no_reverb/clean/clean_fileid_291.wav
140,8.05177116394043,8.070371515292171,inf,8.070371515292171,0.9457621970289459,1.4217116832733154,13.743812561035156,13.860037860618297,inf,13.860037860618297,0.970715363523702,2.2818386554718018,/hpc_stor03/sjtu_home/zixiang.wang/DNS-Challenge-master/datasets/no_reverb/noisy/clnsp269_wind_130975_2_snr8_tl-21_fileid_293.wav,/hpc_stor03/sjtu_home/zixiang.wang/DNS-Challenge-master/datasets/no_reverb/clean/clean_fileid_293.wav
141,11.992612838745117,12.003361452885464,inf,12.003361452885464,0.9560151926479883,1.7910230159759521,18.494535446166992,18.607414077337722,inf,18.607414077337722,0.9844994977218154,2.325439453125,/hpc_stor03/sjtu_home/zixiang.wang/DNS-Challenge-master/datasets/no_reverb/noisy/clnsp528_baby_416669_0_snr12_tl-29_fileid_38.wav,/hpc_stor03/sjtu_home/zixiang.wang/DNS-Challenge-master/datasets/no_reverb/clean/clean_fileid_38.wav
142,12.000269889831543,12.014560873574666,inf,12.014560873574666,0.9255463582316309,1.3310012817382812,10.970209121704102,11.487619572132513,inf,11.487619572132513,0.9317308591102771,1.816691279411316,/hpc_stor03/sjtu_home/zixiang.wang/DNS-Challenge-master/datasets/no_reverb/noisy/clnsp72_DMTAv9mw_x8_snr12_tl-18_fileid_48.wav,/hpc_stor03/sjtu_home/zixiang.wang/DNS-Challenge-master/datasets/no_reverb/clean/clean_fileid_48.wav
143,2.02783203125,2.0467951653046352,inf,2.0467951653046352,0.9108853844448972,1.2805604934692383,14.653234481811523,14.764692126725269,inf,14.764692126725269,0.95056116078756,2.332562208175659,/hpc_stor03/sjtu_home/zixiang.wang/DNS-Challenge-master/datasets/no_reverb/noisy/clnsp283_birds_121947_1_snr2_tl-26_fileid_49.wav,/hpc_stor03/sjtu_home/zixiang.wang/DNS-Challenge-master/datasets/no_reverb/clean/clean_fileid_49.wav
144,19.00090789794922,19.01513612231524,inf,19.01513612231524,0.9712777066858836,1.6782519817352295,22.654600143432617,22.77314693510078,inf,22.77314693510078,0.9762870319099112,2.5275115966796875,/hpc_stor03/sjtu_home/zixiang.wang/DNS-Challenge-master/datasets/no_reverb/noisy/clnsp624_XrrtrRz1A2Q_snr19_tl-22_fileid_54.wav,/hpc_stor03/sjtu_home/zixiang.wang/DNS-Challenge-master/datasets/no_reverb/clean/clean_fileid_54.wav
145,6.004306793212891,6.0114989266286365,inf,6.0114989266286365,0.9389871898443387,1.4172008037567139,13.401900291442871,13.632414323120747,inf,13.632414323120747,0.9609884941356742,2.0696535110473633,/hpc_stor03/sjtu_home/zixiang.wang/DNS-Challenge-master/datasets/no_reverb/noisy/clnsp273_birds_413745_0_snr6_tl-22_fileid_63.wav,/hpc_stor03/sjtu_home/zixiang.wang/DNS-Challenge-master/datasets/no_reverb/clean/clean_fileid_63.wav
146,4.974489688873291,4.997472901840922,inf,4.997472901840922,0.8676848917199576,1.2530081272125244,16.655536651611328,16.954635181806555,inf,16.954635181806555,0.9336859752058521,2.083934783935547,/hpc_stor03/sjtu_home/zixiang.wang/DNS-Challenge-master/datasets/no_reverb/noisy/clnsp54_door_119791_0_snr5_tl-18_fileid_76.wav,/hpc_stor03/sjtu_home/zixiang.wang/DNS-Challenge-master/datasets/no_reverb/clean/clean_fileid_76.wav
147,7.988424301147461,7.997153202569544,inf,7.997153202569544,0.9029713345865061,1.4631931781768799,15.414809226989746,15.573221463000591,inf,15.573221463000591,0.9505149545365011,2.174440860748291,/hpc_stor03/sjtu_home/zixiang.wang/DNS-Challenge-master/datasets/no_reverb/noisy/clnsp577_typing_138283_2_snr8_tl-23_fileid_77.wav,/hpc_stor03/sjtu_home/zixiang.wang/DNS-Challenge-master/datasets/no_reverb/clean/clean_fileid_77.wav
148,15.008545875549316,15.022495906858227,inf,15.022495906858227,0.9384417675500082,1.59604012966156,19.673032760620117,19.75504952536246,inf,19.75504952536246,0.9654314750578337,2.047628402709961,/hpc_stor03/sjtu_home/zixiang.wang/DNS-Challenge-master/datasets/no_reverb/noisy/clnsp627_footsteps_262591_2_snr15_tl-18_fileid_82.wav,/hpc_stor03/sjtu_home/zixiang.wang/DNS-Challenge-master/datasets/no_reverb/clean/clean_fileid_82.wav
149,9.9968900680542,10.014553114830367,inf,10.014553114830367,0.9763247183960773,1.670823335647583,11.779495239257812,11.967792766598626,inf,11.967792766598626,0.9530215829771255,1.8107643127441406,/hpc_stor03/sjtu_home/zixiang.wang/DNS-Challenge-master/datasets/no_reverb/noisy/clnsp219_wind_344887_0_snr10_tl-28_fileid_96.wav,/hpc_stor03/sjtu_home/zixiang.wang/DNS-Challenge-master/datasets/no_reverb/clean/clean_fileid_96.wav
